{
  "_comment": "Generado con MIRA — calibrador de CLARA. Verificado visualmente antes de exportar.",
  "video_reference": "20260520_175137 (2)_t0_00.mp4",
  "frame_shape": [
    720,
    1280
  ],
  "court_size_m": [
    9,
    9
  ],
  "pixels_per_meter": 40,
  "pixel_corners": [
    [
      315,
      561
    ],
    [
      821,
      540
    ],
    [
      728,
      405
    ],
    [
      490,
      416
    ]
  ],
  "homography_matrix": [
    [
      -0.6215503919663338,
      -0.7477813577571165,
      615.5900778625839
    ],
    [
      0.0422760949170992,
      1.011941222686782,
      -581.2318953546994
    ],
    [
      -0.0001474225014405063,
      -0.0031636618445954217,
      1
    ]
  ],
  "half_court": true,
  "court_horizon_y": null,
  "max_person_height_ratio": 0.55,
  "max_person_width_ratio": 0.4
}