{
  "_comment": "Generado con MIRA — calibrador de CLARA. Verificado visualmente antes de exportar.",
  "video_reference": "20260528_211743.mp4",
  "frame_shape": [
    2252,
    4000
  ],
  "court_size_m": [
    9,
    18
  ],
  "pixels_per_meter": 40,
  "pixel_corners": [
    [
      501,
      1860
    ],
    [
      3256,
      1913
    ],
    [
      2596,
      1014
    ],
    [
      1682,
      1028
    ]
  ],
  "homography_matrix": [
    [
      -0.01178972783063896,
      -0.7949622999097736,
      836.6670552655321
    ],
    [
      -0.5104386255515891,
      -0.7242809130759194,
      1602.5325355237596
    ],
    [
      -0.000046596230008761887,
      -0.001492574208556658,
      1
    ]
  ],
  "half_court": false,
  "court_horizon_y": null,
  "max_person_height_ratio": 0.55,
  "max_person_width_ratio": 0.4
}