{
  "_comment": "Generado con MIRA \u2014 calibrador de CLARA. Verificado visualmente antes de exportar.",
  "video_reference": "20260528_211743.mp4",
  "frame_shape": [
    1080,
    1920
  ],
  "court_size_m": [
    9,
    18
  ],
  "pixels_per_meter": 40,
  "pixel_corners": [
    [
      240.48,
      892.0071047957372
    ],
    [
      1562.8799999999999,
      917.4245115452931
    ],
    [
      1246.08,
      486.28774422735347
    ],
    [
      807.36,
      493.0017761989343
    ]
  ],
  "homography_matrix": [
    [
      -0.024561932980497837,
      -1.657643610552602,
      836.6670552655321
    ],
    [
      -1.0634138032324774,
      -1.5102598298583059,
      1602.5325355237596
    ],
    [
      -9.70754791849206e-05,
      -0.003112293627471846,
      1.0
    ]
  ],
  "half_court": false,
  "court_horizon_y": null,
  "max_person_height_ratio": 0.55,
  "max_person_width_ratio": 0.4,
  "_rescaled_from": {
    "frame_shape": [
      2252,
      4000
    ],
    "scale": [
      0.48,
      0.479574
    ],
    "src_video_reference": "20260528_211743.mp4"
  }
}